<?xml version="1.0" encoding="UTF-8"?>
<beans xmlns="http://www.springframework.org/schema/beans"
    xmlns:xsi="http://www.w3.org/2001/XMLSchema-instance"
    xmlns:context="http://www.springframework.org/schema/context" 
    xsi:schemaLocation=" http://www.springframework.org/schema/beans http://www.springframework.org/schema/beans/spring-beans.xsd
        http://www.springframework.org/schema/context http://www.springframework.org/schema/context/spring-context.xsd"> 
        <!-- bean definitions here --> 
    <context:annotation-config/>
    
    <bean id="StreetAddress" class="/Spring-Core-Assignments/src/main/java/com/springcore/assignments/Address.java">
    <property name="street" value="Batawadi"/>
  
    </bean>
    
    <bean id="CoustomerDetails" class="/Spring-Core-Assignments/src/main/java/com/springcore/assignments/Coustomer.java">
    <property name="CoustomerID" value="12"/>
    
    </bean>
    
    <bean id="Address" class="/Spring-Core-Assignments/src/main/java/com/springcore/assignments/Address.java"/>  
    
    
    </beans>
    
